average,hra
unweighted,0.14375129652138624
weighted,0.14375024997857327
